link,star,text
/pension/10046493,5,창문 오션뷰는 쵝오 작은 주방에 있을건 다 있네요 푹신하고 수압 좋고 곽지 올레길도 굿굿
/pension/10046493,5,좋았습니다
/pension/10046493,5,너무 깨끗하고 멋진뷰에 감탄이 절로 나왔습니다
/pension/10046493,5,인테리어 이쁘고 테라스 개방감 있어서 좋았어요 세세한 부분에서 신경써주신게 보였고 재밌게 잘 놀다갑니다
/pension/10046493,5,출장도 여행도 많이 다녔지만 여기 사장님의 친절과 서비스는 감동 그 자체입니다 와이프와 애들도 너무 좋아하네요 주변 관광지와의 접근성도 좋습니다 봄에 다시 제주 찾을때 첫 숙소는 여기입니다
/pension/10046493,5,가족들과 행복한 시간보네고 왔어요
/pension/10046493,5,날씨만 좋으면 완전강추입니다
/pension/10046493,5,1208 금요일 204호 예약하고 방문했습니다 신축이라서 그런지 정말정말 깨끗했고 인테리어도 깔끔 그 자체ㅠㅠ 너무 예뻤어요 밤에 입실 했는데 퇴실 때 아침에 보이는 통창의 오션뷰는 아침부터 입이 떡 벌어지게 했습니다 깔끔한 인테리어에 오션뷰라니ㅠㅠ 이 조합 두개면 그냥 끝난거 아닌가요 게다가 사장님도 스태프분도 엄청 친절하셨고 문의드렸을 때도 엄청 친절하셨어요 제주 여행 첫날 선택한 숙소였는데 정말 최고였습니다 다음에 제주도 가게된다면 꼭 다시 방문하고 싶은 곳 이예요ㅠㅠ 여행 날 하필 편도가 부어 목이 쉬어서 잘 나오지도 않는 목소리로 우연히 아침에 사장님과 마주쳐서 숙소가 너무 예쁘다고 후기 잘 안쓰는데 꼭 쓰겠다 말씀드렸는데 조금 늦었지만 이제라도 씁니다❤️ 로비나발리플러스 덕분에 첫날 여행 마무리 잘 했고 이틀차 여행도 즐겁게 시작했습니다 아참 그리고 1층 카페 뷰도 미쳤어요ㅠㅠ 숙소 이용고객들에게 무료로 1층 카페 음료권을 주시는 것 같은데 덕분에 아침에 음료도 마시고 바다도 원없이 보고 기분 좋은 기억으로 남아있어서 아직까지 눈앞에 그려진 듯 생생합니다 방문하시는 분들은 숙소랑 카페 너무너무 예쁘니까 꼭 사진 많이 찍으시길 바래요 화장실 온수도 콸콸 잘 나오고 주방은 쓰질 않았지만 간단한 먹거리 먹기도 좋은 것 같아요 또 곳곳의 작은 소품들까지도 신경쓰신 것 같아서 눈도 즐겁답니다 아 그리고 저는 여행 때 수건을 보통 챙겨가는데 여기는 챙겨올 필요가 없어요ㅠㅠ 여태 이용했던 숙소들 중에서 수건이 뻣뻣하거나 냄새가 나는 경우가 더러있었어서 혹시나하고 챙겼는데 안썼습니다 호텔수건 저리가라예요 엄청 부드럽고 푹신하고 깨끗하고ㅠㅠ 화장실 앞 발 매트 겸 수건까지 센스가 진짜 최고최고❤️ 여러모로 100% 만족한 숙소입니다 저 진짜 예민한 편인데 방음도 잘 되는 것 같고 침대도 푹신하고 넓어서 편하게 꿀잠잤어요 쓰다보니 글자수가 모자랄 정도로 너무 만족스러웠던 곳 후기 잘 안쓰는 저도 길게 쓰게 되는데 담에 꼭 또 갈게요
/pension/10046493,5,제주여행 첫 숙소
/pension/10046493,5,깔끔하고 뷰도 좋고 1층 무인카페도 편리했습니다 너무 잘 지내다 왔습니다
/pension/10046493,5,굉장히 좋습니다
/pension/10046493,5,돌고래는 아쉽게 못봤지만 ㅠ 방도 너무 깔끔하고 뷰도 최고고 잠 진짜 푹 잘잤어요
/pension/10046493,5,숙소에서 보는 뷰도 너무 좋았지만 숙소자체가 너무너무 예뻤습니다 구석구석 먼지하나없고
/pension/10046493,5,바다뷰에 깨끗하고 사장님도 완전친절하십니다
/pension/10046493,5,좋아요 ㅎ
/pension/10046493,5,너무너무너무 좋았습니다
/pension/10046493,5,펜션이 너무 좋아서 2박이나 머물렀는데 사장님도 그렇고 직원분들도 다 하나같이 친절해서 편안하게 머물렀다 갑니다 사장님이 옥상으로 올라가면 일몰이 예쁘다고 말씀해주셨는데 다른 곳들 방문하느라 제대로 못본게 아쉽네요 ㅠㅠ침대도 편하고 일어나면 보이는 바다뷰 덕분에 개운하게 일어나는거 같아요 사장님이 엄청 신경쓰시는게 보이는 로비나발리펜션 강추추추 합니다 🩷🩷 영상으로 찍은거 밖에 없어서 사진이 없네요 ㅠㅠ
/pension/10046493,5,급하게 당일날 예약했는데
/pension/10046493,5,사장님 왕친절 하시고 갬성 숙소 너무 이뻐요 ㅠㅠ 뷰 대박입니당 ㅠㅠ 정말 잘 쉬다 갑니다 담에도 방문하고 싶어용 ㅎㅎ
/pension/10046493,5,정말 좋았다는 말 말고는 생각나는 말이 없어요
/pension/10046493,5,숙소너무깨끗하고뷰가너무예뻣습니다 여자친구랑 너무 행복한시간 보내고 갑니다 재방문의사 1500%
/pension/10046493,5,많이 고민하다가 후기가 다 좋아서 예약하게 됐습니다
/pension/10046493,5,사장님 너무너무 친절하시고 신축이라 내부완전 깔끔하게 정리 되여 있습니다 진짜 뷰가 작살납니다 테라스 넓고 외부계단도 있어서 너무 좋았습니다
/pension/10046493,5,바다가 코앞이고 너무 예쁘네요 사장님도 무지 친절하시고 신축이라 깔끔하고 인테리어 너무 예뻐요 무인카페 이용쿠폰도 주시고 어머니 모시고 왔다고 감귤차 선물까지 주셔서 어찌나 감사하던지요 ㅜㅜ 정말 방음도 잘되고 좋아요 주위에 추천할만합니다 ㅎㅎ 잘쉬다갑니다 또올께요
/pension/10046493,5,진짜 제가 간 애월쪽 최고 장소중 하나인듯합니다
/pension/10046493,5,제주도 가면 꼭 가야 할 숙소에요 다음에도 간다면 또 방문할거에요 뷰가 너무 예뻐요
/pension/10046493,5,숙소 너무좋아요👏👏👏
/pension/10046493,5,부모님과 함께한 여행중 마지막날 숙소로 정하고  갔는데 일단 바다와 가까워서 좋았고 통창뷰라 온전히 바다를 느낄수 있어서 너무 좋았고
/pension/10046493,5,깨끗하구 잘 응대 해주셔서 편히 쉬다
/pension/10046493,5,시설도 깨끗하고 1층카페 쿠폰두 주시고 4명이 쓰기에 숙소도 크고 좋았어요
/pension/10046493,5,친구 추천으로 오게 된 숙소였어요 원래는 202호를 예약하고 싶었는데 이미 예약이 되어 있어서 차선으로 201호를 예약했는데 결론적으로 말씀드리면 대만족 이었습니다🫶🏻🫶🏻🫶🏻
/pension/10046493,5,바로 앞에 바다뷰 를 보고 예약을 했어요
/pension/10046493,5,너무 좋았습니다
/pension/10046493,4,뷰가 너무 좋고 침구류들 다깨끗하구 사장님 너무 친절하세요 ㅠㅠ 숙소 아래 카페 쿠폰도 잘 썻습니당❤️
/pension/10046493,5,두번째  방문한 숙소
/pension/10046493,4,침대에서 보는 뷰 1층 무인카페가 넘 좋았어요 다음 여행 때 다시 올게요 ㅎㅎ
/pension/10046493,5,진짜 너무너무 너무 좋은 곳입니다
/pension/10046493,5,제주도 오면 다시 묵을거에요 정말 깨끗하고 숙소 하나만으로 제주도 오길 잘했다 생각이 들었으니까요 세심하게 여기저기 다 신경쓰신게 보이더라구요 체크인 무인이라 너무 편하고 1층에 있는 무료 음료1잔 기계로 뽑아먹는 재미도 있었어요ㅎㅎ 제발 이 가격 그대로 있어주길 ㅠㅠ
/pension/10046493,5,뷰가 너무 좋고 숙소도 깔끔해여 사장님도 친절하시고 너무 만족합니다나중에 기회되면 다시 가고 싶어요
/pension/10046493,5,진짜 제주오시면 숙소는 여기 이상은 없을거에요
/pension/10046493,5,친구 소개받고 지냈던 숙소인데 4박5일동안 너무 편하게 힐링하다 왔습니다
/pension/10046493,5,오션뷰도 최고이고 깔끔하고 정말좋아요 이가격에 저렴하게 잘지내고 갑니다
/pension/10046493,5,숙소가 청결하고 아늑해요 진짜 창밖으로 보는 풍경은 너무너무너무 좋아요 1박만 한 게 아쉬울 정도로 좋았어요 주변에 편의시설이 없지만 오히려 지나다는 사람이나 차도 없어서 한적하게 힐링할 수 있었어요 음식을 해먹을 일이 없어서 사용해보진 않았지만 식기류나 조리도구도 다 깔끔했어요 뜨거운 물도 잘 나오고 머무르면서 불만인 부분이 하나도 없었어요 수건 및 다른 비품들은 1층 사물함에서 자율적으로 가져다 쓸 수 있어서 좋았어요 다만 숙소가 2층인데 엘리베이터가 없으니 그 부분은 참고 하세요 진짜 숙소 뷰만 보고 있어도 하루 지나갈 것 같아요 하루는 5성급 호텔에서 묵었는데 어디가 더 만족스러웠는지 고르라면 고르기 어려울 정도로 너무 만족스러웠어요 다음에 또 제주도 가면 다시 방문하고 싶습니다
/pension/10046493,5,만족도 너무 좋았던 숙소 입니다
/pension/10046493,5,바다 전망이 너무 좋고 주인장님이 친절합니다
/pension/10046493,5,다섯명이서 인원추가금액 2만원 내고 하루 잘 묵고 갑니다  더블사이즈 침대 두 개와 복층이 아니라 다락방까지 3층이더라구요  다과 공간두 있고 해서 늦게까지 얘기도 하고 잘 지냈습니다 욕실이나 방 청결도 깔끔하고 좋아요 ㅎㅎ 오션뷰도 창문마다 다 지나갈 때마다 바다가 보여서 좋았어요 
/pension/10046493,5,뷰가너무좋아요
/pension/10046493,5,부모님 모시고 다시 오고 싶은 숙소예요 D
/pension/10046493,5,가족끼리 놀러왔는데 만족하고 잘 놀다 갑니다
/pension/10046493,5,컨디션이 너무 좋았어요 푹 잘 쉬다가 갑니다
/pension/10046493,4,깔끔하고 바다가 바로앞에있어욤
/pension/10046493,5,사장님도 친절하시고 방도 너무이뻤어요 ㅎㅎ 잘 쉬고갑니다
/pension/10046493,5,다음에도 제주도를 간다면 무조건 여기입니다
/pension/10046493,5,노을이 너무이쁘고 아침에 바로바다가 보이는게 낭만적이었습니다
/pension/10046493,5,사장님 친절하시고
/pension/10046493,5,사진은 숙소뷰입니당
/pension/10046493,5,너무  좋았습니다
/pension/10046493,5,아이들이 너무 좋아하네요
/pension/10046493,5,전반적으로 숙소 내부 외부는 청결하고 분위기가 너무 좋았어요
/pension/10046493,5,숙소도 너무 예쁘고 뷰도 정발 좋았어요
/pension/10046493,5,이렇게 뷰가 좋은 숙소는 처음이에요 숙소도 아담하고 예쁘고 둘이소 놀기 딱 좋았어요 다음에도 또 무조건 가고싳은 숙소에요
/pension/10046493,5,사진보다 실물이 백배 이쁩니다 진짜 25년 살면서 가본 오션뷰중에 제일 이쁜 거 같아요 사장님도 너무 친절하시고 안내도 엄청 잘 해주셨어요 어디갈지 고민중이신분은 적극 추천 합니다 저 믿고 한 번 가보세요 인생샷 건집니다 잘 쉬다 갑니다 다음에도 이용할게여
/pension/10046493,5,뷰 조아 무인카페 조아
/pension/10046493,5,바다뷰도 좋고 청결하네요
/pension/10046493,5,깔끔하고 아늑했어요 창문으로 보이는 바다뷰도 환상적이구요 에어컨도 잘되고 다음에 또 방문하고 싶어요
/pension/10046493,5,친절하시구 인테리어도 너무 좋아서 다음에 또 갈게용
/pension/10046493,5,대박친절하시구 다음에도 진짜로 여기 또예약 할려고여
/pension/10046493,5,아주 편하게 쉬고 갑니다 조용하고 깔끔한 호텔입니다
/pension/10046493,5,진짜 이용했던 펜션중 최고입니다♡
/pension/10046493,5,4인가족이 함께 했는데 너무 깔끔하고 좋았습니다
/pension/10046493,5,202호 오션뷰 힐링 제대로 하고 갑니다
/pension/10046493,5,침규도 좋고 청결도 좋아요 바다뷰도 예뻤어요ㅎㅎ
/pension/10046493,5,아주만족하고갑니다
/pension/10046493,5,부모님 모시고 간 첫 제주여행에서 우연히
/pension/10046493,5,청결이나 서비스 백점에 백점👍🏼
/pension/10046493,5,정말 깨끗하고 전망도 좋았는데 주변 이동할때 택시가 안잡혀요 카카오택시 블루로 불러야지만 와요 렌트하시면 편하겠지만 전 술을 좋아해서 렌트포기하고 택시타고 이동했는데 기사분들이 외곽이라 택시가 잘 안온다고 하셨어요 참고하세용 아침에 창가에서 일출 찍었어요 1층엔 객실손님 전용 카페가 있어요 👍🏻
/pension/10046493,5,또 가고 싶을정도로 숙소가 예뻐요
/pension/10046493,5,가격은 조금 있었지만 뷰가 끝내주네요
/pension/10046493,5,이렇게 좋은 숙소는 처음이예요 저는 후기를 잘안쓰는 스타일인데 안쓸수가 없었어요
/pension/10046493,5,숙소도 완전 깨끗하고 예쁘고 잔도 있고 카페 쿠폰도 있고 완전 좋았어요 ㅠㅠ 뷰가 최고인 숙소 💖💖💖💖💖
/pension/3015941,5,3박4일 제주여행했는데 앞에 2박을 다른곳 두곳에서 묵었는데  먼저 숙소에서는 아주큰 지네도 나오고 너무 속상했었어서 숙소검색을 폭풍검색을 하다가 우연히 발견한 에코스위츠
/pension/3015941,5,객실 상태가 이때껏 이용했던 팬션 콘도 중에 가장 좋았습니다 주변에 편하게 반려견 산책할 수 있는 곳도 많습니다
/pension/3015941,5,객실 상태가 이때껏 이용했던 팬션 콘도 중에 가장 좋았습니다 주변에 편하게 반려견 산책할 수 있는 곳도 많습니다
/pension/3015941,5,일단 너무너무 좋았습니다
/pension/3015941,5,어지간해서는 후기 안올리는데 진짜 좋았습니다 👍👍 시설이 신식건물은 아니지만 깔끔하고 있을거 다 있어요 밤에하는 스파 너무 좋았고 사장님 너무 친절하세요 2연박시 조식 서비스해주시는데 아메리칸식으로 정갈하게나와요 위치는 살짝 안쪽으로 들어가있는데 시끄럽지않고 조용해서 푹 쉬기에 좋구 들어가는 길목에 돌담과 유채꽃 너무 예쁩니다 태교여행으로 다녀왔는데 아주 만족하고 갑니다 다음에 제주 또 가면 재이용의사 100%있습니다ㅎㅎ
/pension/3015941,5,놀러가서 바베큐해먹을려고했는데 비온다는 소식듣고 찾다가 독채 테라스에서 바베큐할 수 있다고 해서 예약했는데 완전 만족하고 왔어요👍🏻 스파도 크서 좋고 그치만 화장실 물 수압이 조금 약했다는점 ㅠㅠ 그래도 완전 만족 아직 더운날씨라서 벌레들도 많긴했지만 니름 갬상 느끼고 왔어요 나중에 또 이용할꺼 같아요ㅎㅎㅎ
/pension/3015941,5,다녀본 펜션 중 손에 꼽을 정도로 좋았습니다 베란다 문틈까지 깨끗한 펜션은 처음이었고요 아침 조식도 깔끔하게 잘 나와서 잘 먹었습니다 아침에 새소리에 기분좋게 깼네요 욕실에 커튼만 바꿔주심 더 좋을듯해요 욕실이 습해서 환기 시켜도 커텐에 곰팡이 피는건 어쩔수 없을 듯 해요
/pension/3015941,5,뷰도 너무 좋고 나무도 많고 새소리도 들리고
/pension/3015941,5,개별난방이라 추위없이 너무 따듯하게 잘 있다가요
/pension/3015941,5,급하게 예약하고 간건데 너무 마음에 들었어요 제일 중요하게 생각하는 청소상태 위생상태는 당연하고 모기도 없고 사장님도 친절하셔서 편하게 쉬다갑니다 ㅎㅎ 다음에 육지친구들 놀러오면 또 올게요 ㅎㅎ
/pension/3015941,5,직원분도 친절하고 숙소도 청결하고 시내랑 약간 떨어져 있어 조용하게 묵을 수 있었던 것도 좋았어요
/pension/3015941,5,진심으로 제주도에 오시는 애견인들에게 추천 하고 싶습니다
/pension/3015941,5,반려견 1마리  가족 3명 총 3박 4일 동안 잘 쉬다 갑니다 청결한 건 물론이구요 아늑하고 따뜻해서 꼭 우리집 같았어요 주변에 귤 농장이 많아서 산책하기에도 너무 좋았고 테라스에서 보는 경치도 멋졌어요 사장님들도 너무 친절하고 좋으셨습니다 다만 바램이 있다면 거실에 있는 매트리스는 바꿀 때가 된 것 같아요; 부모님이 안방에 주무시고 저는 거실에서 잤는데 매트리스 스프링이 그대로 다 느껴져서 잠을 잘 못 잤어용 ㅠㅠ 그것 빼곤 다 좋았습니다👍🏻❤
/pension/3015941,5,특별가로 구매해서 묵게 됐는데 아주 마음에 듭니다
/pension/3015941,4,둘째날 무슨 이유인지 따뜻한물이 나오지 않아 불편했고  거실 매트리스가 너무 저급이라 푹꺼져서 없는편이 나았고요ᆢ 음료소주컵이 업어 불편했어요ᆢ 하지만 조식은  참 좋았습니다
/pension/3015941,5,뷰 맛집
/pension/3015941,4,게스트하우스같은 느낌의펜션사진보단 살짝작은느낌이지만 안락한분위기에 사장님 친절하심
/pension/10039529,5,늦게 도착했는데사장님이 친절하셔서 좋았어욤
/pension/10039529,3,시설이랑뷰좋아요 근처에 먹을곳이 없는게 좀 아쉬웠지만 ㅋ
/pension/10039529,5,숙소 청결 사장님 대응 빠름 물 깨끗 다 좋았습니다
/pension/10039529,5,또오고싶어요 사장님이 친절하세요
/pension/10039529,5,시설좋고 이뻐용
/pension/10039529,5,숙소 퀄리티는 보이시는것 그대로보다 더욱 좋고요
/pension/10039529,1,냉방시설이 정말 최악입니다
/pension/10039529,5,3박4일동안 여기서 지낸 후기입니다
/pension/10039529,5,잘 쉬다가 가용
/pension/10039529,5,2가족이 잘놀았습니다
/pension/10039529,5,깔끔하고 좋았음
/pension/10039529,5,정말 좋있습니다
/pension/10039529,5,장점
/pension/10039529,5,깨끗하고 좋았습니다
/pension/10039529,3,사진보다는 좁은감이 있어서 아쉽지만 구비된 물건들이 다 비싼물건인게 느껴져서 편했습니다 ㅎㅎ 다만 초파리 날파리 벌레가 너무 많아서 불편한 점이 많았어서 아쉽네요 ㅠㅠ 밥을 제대로 못먹었다는  ㅠ 그래도 잘 쉬고 갑니다😆
/pension/10039529,5,시설이 엄청 깨끗하고 사장님도 매우 친절하십니다
/pension/10039529,5,수영장이 딸려있어서 아이들이 무척 좋아했어요
/pension/10039529,5,뷰가 너무 좋았던 곳이에요 ㅎㅎ
/pension/10039529,5,너무 예쁜 숙소에서 잘 놀고 쉬다가 갑니다♡♡
/pension/10039529,5,사장님 내외분 친절하십니다 온수풀 물 깨끗하고 따뜻하여 아이가 가장 좋아했습니다 3층 테라스 올라가면 일출&일몰 바다 하늘 바람 파도소리 너무 좋았습니다 입구에 아기자기한 카페에서 바다멍때리며 먹는 커피&디저트 정말 좋았습니다 번창하시고 좋은 일만 가득하세요 감사합니다 
/pension/10039529,5,깨끗하고 조용한 기대이상의 시설이었어요
/pension/10039529,5,사장님도친절하시고 즐거운여행이였어용
/pension/10039529,5,숙소 깔끔하고 냄비 그릇 가전 샤워용품 등등 신경쓰신 느낌이 들어서 묵는 동안 기분 좋았습니다
/pension/10039529,5,사장님의 친절부터 시작해서 숙소도 엄청깨끗해서
/pension/10039529,4,좋아요다음에또올게요
/pension/10039529,5,접근성 빼고는 정말 좋았어요 ㅎㅎ 근처에 돌고래 스팟이라해서 해안가따라 달렸는데 진짜 돌고래를 봤네오 ㅎㅎ
/pension/10039529,5,3층 예약인데 엘레베이터가 없어서 캐리어 들고 오르락내리락 했던 아쉬움 말곤 다 좋았습니다
/pension/10039529,5,사장미도 친절하시고 상태 좋고 뷰도 좋아요
/pension/10039529,5,급하게 당일 예약하였는데 너무 좋았어요 당일 예약으로 입실때 방이 따뜻하지 않았는데 오히려 사장님께서 죄송하다며 전기 히터도 가져다 주시고 하나하나 자세히 설명해주셔서 좋은 하루 보내고 갑니다 남자친구도 아주 만족했다고 하고 베란다 뷰도 Good 감사합니다 새해 복 많이 받으시고 오늘 하루도 좋은 하루 되세요🤩
/pension/10039529,2,개인 풀빌라보고 예약한 곳이였는데 물이 온수긴 했지만 겨울이라 그런지 따뜻하다고 느끼진 못했던 것 같아요 주변에 정말 아무것도 없어서 접근성은 매우 떨어지지만 차가 있다면 굳이 상관없을 것 같고 시설 자체가 그렇게 청결하진 않았습니다 야외 스파 욕조가 있었는데 꾸정물이 고여있어서 따로 사용하진 않았어요 다이슨 에어랩이 있어서 좋았는데 머리카락도 너무 껴있었고 화장대 서랍에는 아예 머리카락 뭉치가 같이 들어있었어요 수건에서 냄새도 났고 화장실에 있는 어메니티 제품들도 일회용이 아닌 대용량 제품들이였는데 펌프부분에 물때가 껴있어 미끌미끌거려서 사용하기 좀 그랬어요 샤워기 물 수압도 너무 약해서 씻어도 씻은 것 같지 않았고 보일러도 데워지는데까지 너무 오래 걸려서 너무 추웠어요 ㅠㅠ 겨울에 오신다면 이 부분은 감안하고 오시는 게 좋을 것 같네요 사장님께서는 친절하셨습니다
/pension/10039529,5,주변에 아무것도 없지만 뷰가좋고 운좋으면 돌고래도 볼 수 있습니다 저는 못봤지만 좋았습니다
/pension/10039529,5,뷰가 정말 좋아요 숙소도 청결하고 구비된 물품들의 상태도 좋습니다
/pension/10039529,4,좋아요 체크인을 카페애서 진행해요 방은 깔끔하고 따뜻해서 잘 쉬었습니다 풀빌라 사진보고 예약했는데 겨울엔 운영을 안해서 아쉽네요
/pension/10039529,4,조용히 쉬기 좋아요 날씨따뜻할때 오면 바다멍하연서 좋을듯요아이들이 없어 수영장달린 독채펜션으로 안했는데 아이들이나 친구들이랑 올땐  독채이용하면 좋을듯해요 체크아웃하는날 돌고래보고왔어요 뷰는 정말 좋아요
/pension/10039529,5,이용 완료
/pension/10039529,5,사장님도 친절하시고 뷰도 너무 이쁘고 편안하게 잘 쉬다 왔습니다
/pension/10039529,4,수영장 막혀있어서 아쉬워ㅆ비만
/pension/10039529,5,너무좋앗습니다 애들이 수영장있어서 너무좋아하네요
/pension/10039529,5,더할나위없이 좋았어요
/pension/10039529,5,깔끔하고 주변시설 편의성 모두 좋았습니다
/pension/10039529,5,사장님께서 너무 친절하시고 챙겨주셔서 편하게 쉴수있었고 펜션도 사장님의 마음처럼 깨끗하고 모든것이 구비되어있어서 편하게 힐링하고 잘쉬었다 갑니다 감사합니다 더욱 번창하세요
/pension/10039529,3,베란다에서 바다가 보이는 조망 좋습니다 면도기머리빗칫솔 등은 구비되어 있지 않아서 따로 준비해 가셔야 합니다 근처에 편의점 CU가 500미터 거리에 있어서 문제되지 않지만요그리고 쓰레기통이 분리수거를 할수 있는 구조였으면 좋았을 뻔 했습니다 외 인테리어 부분은 심플해서 너무 좋았습니다 야외 테라스 조명이 있는데 고장이 났는지 야간에 무드 잡는데 실패했네요 사장님께는 따로 말씀 드리지 못했습니다 매일 점검하시는 줄 알고 있었어서암튼 대체로 soso 합니다
/pension/10039529,5,펜션 내부 물품이 너무좋았습니다필요한건 다갖춰져있어 편하게 잘쉬고왔습니다
/pension/10039529,4,시골이라 그런지 지네 벌레 많네요
/pension/10039529,5,소품 내부 설비 하나하나 신경쓰신게 느껴졌어요바다도 바로 앞이여서 좋았고 친절하셨어요
/pension/10039529,4,사장님 친절하시고 좋아요 방도 깔끔합니다
/pension/10039529,3,시설안에는 깨끗하나 엘리베이터가없고 3층까지계단으로 오르는점이 불편했고 벌레가 계단에 많았음 사장님은 친절하시고 바베큐가안되는점이 아쉬웠지만 그릴이있어서 고기구워먹는데 용이함
/pension/10039529,5,사장님두 너무 친절하시고 숙소도 깨끗했어요여행하는동안 숙소에서 한달살기하고 싶다 하루더 있고싶다 계속 이야기했네요ㅋ 다음엔 애기태어나면 애기랑 또 와야겠어요 진짜 추천합니다
/pension/10039529,5,기대안하고갔지만 최고입니다
/pension/10039529,5,사장님이 친절하세요 좋은 추억 만들다갑니다
/pension/10039529,5,좋았습니다
/pension/10039529,5,사장님의 프라이드가 느껴졌어요 너무 친절하시고 사용자들의 니즈를 만족시키려고 많이 노력하신거 같아요 너무 예쁘고 갬성 충만한 숙소에서 좋은추억 남기고 왔네요 감사합니다 왕 추천추천
/pension/10039529,5,너무 좋았습니다 안에 자잘자잘한 시설들도 예쁘고 사용하기 좋았어요
/pension/10039529,5,사장님 너무 친절하시고 방 너무 깨끗합니다
/pension/10039529,5,잘놀고 잘쉬고 잘잤습니다
/pension/10039529,5,완전 좋았습니다
/pension/10039529,4,괜찮았어요 접근성이 떨어지지만 대체적으로 만족합니다
/pension/10039529,5,진짜 모든것이 완벽한 펜션이었습니다 다음에는 풀빌라로 갈게요
/pension/10039529,5,숙소주변은 조용해서 편히 쉴수있었구요 애월 중문쪽으로 이동하는건 시간이 얼마걸리지 않아 좋았어요 수영장에서 놀기도 좋았고 특히 침대가 너무 좋았어요 어제 퇴실하며 나가다 돌고래를 보게 되어서 너무 좋았어요 수건 물 등 필요한걸 말씀드리면 바로 해결해주셔서 좋았어요
/pension/10039529,4,사장님 너무너무 친절하시고 시설도 괜찮았어요시간되면 꼭 다시 가고싶어요
/pension/10039529,5,인생최고 풀빌라 럭셔리한 여행이 되었습니다 사진만으로도 기대가 됬었는데 실제 더 좋았습니다
/pension/10039529,5,너무 편하게 잘 놀다왔습니다  애기들이 또 가고싶다고하네요
/pension/10039529,2,사장님은 정말 친절하셨지만 화장실에서 냄새가 너무 심했어요 토냄새인지 지린내인지 알 수 없는 냄새가 너무 심해서 화장실 문을 닫아놔도 방안에 냄새가 가득할 정도였어요 침구류 등은 깨끗했지만 바닥은 닦아보니 까맣게 묻어났구요 베란다 신발에는 새가 똥을 크게 싸놔서 베란다쪽은 못나가봤네요 사장님께서 신경 많이 써주시는 것 같았지만 연박하며 화장실 냄새때문에 힘들고 베란다에 있는 새똥때문에 환기시키기도 어려웠습니다
/pension/10039529,5,넘좋아요 무엇보다 숙박은 청결이라고 생각해요 청결 대박입니다 겉잡을 수가없어요 여기서 2박했는데 뷰도 좋고 사장님도 너무 친절하세요
/pension/10039529,5,사장님 너무 친절하시고 방도 깨끗하고 최고였어요 무조건 재방문 할 예정입니다
/pension/10039529,5,사장님이 너무 친절하시고 좋았어요
/pension/10039529,5,깨끗하고 풍경이 너무 이뻐요
/pension/10039529,5,깨끗하고 친절합니다
/pension/10039529,5,너무 좋았어요 바로 앞에 야생 돌고래스팟도 있고 노을도 이뻐요  다만  어린아이가 있다면 복층보단 단층으로 하는게 좋을듯합니다 물놀이도 너무 좋고 서비스도 매우 좋았어요 하루보당 연박으로 하시는게 많은 시설을 이용할수있는듯합니다 숙소덕분에 즐거운 여행이되었습니다
/pension/10039529,5,공항에서 거리는 한시간정도 가는길에 애월바다도 실컨보고  이쁜까페도 둘러보며 가다보니 도착  주변엔 아무것도 없어서 조용하고 좋지만 뚜벅이는 힘들듯해요
/pension/10039529,5,잘쉬다가요
/pension/10039529,5,완벽합니다
/pension/10039529,5,정말 깨끗하고 좋았어요
/pension/10039529,5,조용하고 깔끔하고 좋았습니다
/pension/10039529,5,깨끗하고 좋은 풀빌라였어요
/pension/10039529,5,체크인하던 날에 비가 너무 많이 왔었는데 물이 따뜻해서 춥지않게 잘 놀았어요  다음날 아침은 날씨 엄청 맑아서 가기 싫었다는 ㅠㅠ 뷰 너무 이쁘고 넓고 깨끗해요 사장님도 무척 친절 하시고 카페 커피 맛있고 여직원분 짱짱 친절하세요 💗 커피 잘 마셨습니당 🥰 또 올꺼에요 
/pension/10039529,5,풀빌라중 갑이네영
/pension/10039529,5,늦게갔는데도 너무 잘쉬다왔어요  제품들이 다 고급이에요
/pension/10039529,5,우선 적으로 룸상태 너무 좋습니다진짜 저희커플이 재방문은 잘안하는데다른곳도 좋은곳
/pension/10039529,5,1청결하고 새로 지은지 얼마 안되 엄청 좋습니다
/pension/1000109860,5,저녁노을이 넘 예뻐요 침대에서 바라보는 노을도 예쁘고 밤에 환하게 켜지는 고깃배 불빛도 넘 예쁘네요 숙소에서 애월 커피 맛집 들이 가까이 있어서 여행하기도 좋아요 하루 잘 쉬다 갑니다
/pension/1000109860,5,여행간날 비가 왔는데 실내에도 바베큐장이 있어 좋았어요 조리도구와 양념같은것들도 다 있고 사장님도 친절하셔서 편하게 먹고 즐길 수 있었습니당 다음에 또 갈게요👍👍
/pension/1000109860,5,야외에서 고기 구워 먹는데 분위기 좋앗구 sns에 업로드했더니 주위에서 숙소이름 알려달라해서 추천 해줬습니다 합리적인 가격에 좋은곳 오게 되서 기분이 좋은 여행이였네요  늦은시간에 제주공항에 도착해서 바베큐시설 이용 못하면 어쩌나 걱정했는데 늦은시간에도 이용 할수 있게끔 팬션 사장님께서 배려 해주셔서 넘 감사했구용 옥상 올라가면 밤바다도 볼수 있어요 방 컨디션은 깔끔하고 무난했어요 재방문의사 있습니다
/pension/1000109860,5,솔직히 진짜 겁나 좋았습니다
/pension/1000109860,5,강아지너무귀엽고 사장님 너무 친절해요👍
/pension/1000109860,5,너무 친절하신 사장님과 귀여운 강아지 거기다 귤까지 서비스에 객실도 따뜻했고 조용하고 모든것이 만족스러웠습니디 
/pension/1000109860,5,위치도 좋고 사장님도 친절하고 방도넓어요
/pension/1000109860,5,사장님이 천사중 천사이십니다  엄마랑 여행갔는데 방도 엄청 따뜻하구 귤도 주시고 ㅎㅎ 앞에 산책로도 좋았어요 애월카페거리랑도 가까워요 소화시킬겸 걸어다녀도 될 거리에요
/pension/1000109860,5,제가 가봤던 숙소중에 사장님께서 너무나도 반겨주시고 뽀송이도 너무 귀여워서 들어가기도 전부터 그냥 좋았습니다 ㅋㅋㅋ👍사장님께서 주신 귤도 너무 맛있게 먹었습니다 근처에 편의시설이나 혼술할 곳들도 많고 함덕해변으로 걸어서 710분정도라 저한테는 너무나도 딱 맞았던 숙소였어요
/pension/1000109860,5,엄마랑 언니랑 셋이 댕겨왔는데 너무 친절하시고 좋았어요 ㅎㅎ
/pension/1000109860,5,저희는 결혼후 뒤늦게 제주도로 신혼여행을 오게됬어요 4박5일 일정으로인해 4박동안 좋은펜션에서 지낼곳을 찾다가 일단 가까운 애월위치에 걸어나가면 소품샵 카페거리 다있어서 위치가 너무 맘에 들어 예약을했습니다 공항 지연 시간으로인해 숙소에 늦게도착했는데도 사장님께서 기다려주셨고 따뜻한말과 배려에 힘든비행이 녹아내렸습니다ㅠㅠ 숙소도 너무깨끗하고 펜션안에 정수기 드라이기 등등 시설도 이쁘고 따뜻하게 보일러까지 틀어주셔서 사장님에 섬세함 친절함에 감사했습니다ㅎㅎ직접 과수원을 운영하고 계신다고 제주귤 얼마든지 갖다먹으라고 비치해뒀는데 엄청엄청 맛있어요ㅋㅋㅋㅋ제가추위많이타서 말씀드리니 전기장판챙겨주시고 따뜻한밤 잘보냈어요ㅎㅎ밤되니 바베큐도 해먹기 딱이구 요리도구 양념도 다비치되있고 편하게 이용잘했습니다사장님께서 키우는 집지키는 귀여운강아지 뽀송이가 있는데 너무귀여워요ㅠㅠㅋㅋㅋㅋ되게 사랑스러워요 또보고싶어요 다음여행땐 저희강아지랑 부모님과 여기재방문해서 숙박하려구요 애월쪽 숙박찾으신다면 여기강추합니당
/pension/1000109860,5,깔끔하고 침대가 너무 편했어요 진짜 어디껀지 알고 싶네요ㅠㅠ
/pension/1000109860,5,펜션은 깨끗하고 주인도 친절하게 대해 주셔서 좋았어요
/pension/1000109860,5,원래 후기 한번도 작성한 적 없는데 역대급으로 만족한 숙소였습니다
/pension/1000109860,5,애월 카페거리 근처라 걸어가기도 충분해요
/pension/1000109860,5,바다가 보이는 뷰에 숙소도 깨끗하고 사장님도 너무 친절하신데 이 가격이라는게 믿기지 않아요
/pension/1000109860,3,친절하시고 좋았어요
/pension/1000109860,5,완전 근처에 카페거리와 해변이 있어요 주인아주머니께서 참 친절하세요 너무 피곤해서 사진을 못찍었는데 신축이라 정말 깨끗하고 좋았어요 방에 냉장고도 크고 제습기도 있고 정수기도 있었어요 세탁기랑 건조기도 무료로 사용가능하대요 너무 늦어서 못썼지만ㅠㅠ 다음에 또 방문할게요
/pension/1000109860,1,리뷰좋아서 갔는데 들어서는순간부터 이상한냄새땜에 맘에안들었어요 청소도 별로 머리카락이 군데군데 있고 침구에서 아저씨땀냄새나서 향수뿌리고ㅠㅠ정수기소리엄청커서 무지신경쓰이고 인덕션은 잘안끓어서 라면하나먹는데도  엄청오래걸리고 싱크대문열면 정말이상한 냄새나요 냄비도 그릇도 사다가 먹었어요ㅠㅠ 잘때침대 피그덕소리 정말짜증나서 잠도못자고 싼편도  아닌데 왜이렇게 관리를 하시는지 정말두번다시 가고싶지않네요 너무시러서 집에빨리가고 싶었네요 2박이나 예약했는데 즐겁게와서 기분만 상하고 돈만버리고 가네요  첫날부터 왔으면 큰일날뻔제주도 매년12번오는데 온중에최악의숙소네요
/pension/1000109860,5,시설 룸컨디션 모두 최상이였으며 뷰도 이뻤습니다 사장님 친절하시고 근처 맛집도 있어 좋았습니다 다만 강아지와 아침산책을 해안가쪽으로 나가려했으나 길을 찾지못해 헤멧습니다ㅎㅎㅎ 간단하게 신책로 가는 방향정도 안내하는 푯말이 있었음하는 개인적인 생각입니다
/pension/1000109860,5,좋아요
/pension/1000109860,5,애월 카페거리 안에 있어서 날이 덥지 않으면 주차 후 걸어 다녀도 될정도였어요
/pension/1000109860,5,위치 좋고 방도 깔끔해서 하루 잘 쉬다 왔어요 창문 때문에 여기로 왔는데 저녁에 환상적인 노을도 보고 너무 좋았어요 바로 옆이 애월 커피거리가 마실 갔다 오기도 편합니다
/pension/1000109860,5,좋습니다 짱
/pension/1000109860,4,깔끔하고 괜찮았습니다
/pension/1000109860,5,애월 카페거리랑 가까워 걸어갈수 있고 주변에 워낙 유명한곳이 많아서 위치적으로 너무 좋았어요 그리고 강아지는 어찌나 귀여운지 깨끗하고 편한 숙소에 덤으로 귀여운 뽀송이강아지 이름까지 볼 수 있어서 좋았습니다 제주에 다시 놀러간다면 생각날만한 숙소였어요
/pension/1000109860,5,사장님도 친절하시고 바다 뷰가 좋았어요
/pension/1000109860,5,최고예요 
/pension/1000109860,2,신축이라 깔끔한편임
/pension/1000109860,5,모든 것이 완벽했습니다 잘 쉬다가 가요 
/pension/1000109860,5,아이들이 2층침대를 좋아해서 아주 잘이용했습니다 동네 산책길도 유채꽃밭이 아주 예뻐요
/pension/1000109860,5,잘 쉬다 갑니다 
/pension/1000109860,5,깨끗하게 잘이용하고 갑니다 ㅎㅎ
/pension/1000109860,5,사장님이 너무 재밌으시고 서비스귤도 너무 맛있어요
/pension/1000109860,5,친절하시고 시설도 깔끔하니 좋았어요
/pension/1000109860,5,잘쉬다갑니다
/pension/1000109860,4,사장님이 친절하시고 주변에 볼거리도 많아요
/pension/1000109860,5,애월 카페거리 근처 이쁜 펜션입니다
/pension/1000109860,5,넓고 좋았어용
/pension/1000109860,5,사장님 친절하시고 숙소도 깨끗하고 너무 만족했어용 다음에 또 오고싶어요😊👍
/pension/1000109860,5,인축이라 깨끗하고 특히강아지가놈놈 귀여워요 😍 직접 재배하신 귤도 육지귤이랑 수준이달라요♡♡
/pension/1000109860,5,펜션 내부가 완전 깨끗했고 음식점들은 다 걸어서 갈수있을정도라 너무 좋았습니다
/pension/1000109860,5,저는 정말 만족했어요
/pension/1000109860,3,괜찮았어요
/pension/1000109860,5,뷰맛집 매우 좋았습니다힐링하기좋은곳
/pension/1000109860,5,객실 분위기는 깔끔하니 이용하는데 불편한 거 모르고 잘 쉬었어요 애월카페거리 가까워 좋았고 테라스 뷰가 바다라서 겨울바람 양껏 즐겼답니다
/pension/1000109860,5,바로 옆에 바다가 보이는 풍경도 훌륭하고 무엇보다 마스코트 멍멍이가 너무 이쁘네요
/pension/1000109860,5,생각보다 일찍도착해서 짐 맡겨도 될까 여쭤봤는데 흔쾌히 그러라고 하셔서 다행이였어요 ㅎㅎ
/pension/1000109860,5,여러분 여기 너무 추천드립니다 🥺
/pension/1000109860,5,숙소 우선 너무 좋았고 사장님이 키우시는 뽀송이도 너무 귀여웠어요 입구에 있던 무료로 먹을 수 있는 친환경 유기농 감귤도 있었구 숙소도 깨끗하고 따뜻한 물도 잘나오고 넘 잘 있다가 갑니다
/pension/1000109860,5,사장님 가족처럼 엄청잘해주시고 바베큐파티할려다가 차가막혀 늦게 도착했는데도 괜찮다고 맘편히 드시라고 오실때 천천히오시라고 하시면서 안전이 먼져라고 하시고 너무 친절하시고 착하셔서 어머니 처럼 잘해주시고 너무 감동이였습니다  한달에 한번씩 제주도 오는데 한달에 한번 들릴예정이에요 감사합니다 사장님☺️ 그리고 방마다 뷰가 엄청 좋아요오션뷰 강추입니다☺️☺️숙소에서 바다뷰 대박
/pension/1000109860,5,친절한 사장님과 깔끔한 숙소덕에 행복하게 여행했습니다 처음엔 하루만 205호 예약했었는데 만족스러워서 다음날 유일하게 남아있는 202호도 추가로 예약했네요 잘 쉬고 갑니다
/pension/1000109860,1,1 에어컨 사용불가
/pension/1000109860,3,팬션이 애월까페거리랑 아주가까움
/pension/1000109860,5,늦은시간 숙소 도착했지만 넘 친절하신 사장님☺️ 퇴실하는데 강아지가 넘 귀여워서 늦게가고 싶었어요 제주도 5일동안 머문 숙소중에 제일 맘에들 정도로 방 크기와 주변 접근성 너무너무 좋았어요👍🏻
/pension/1000109860,4,주변에 조금만걸어가면 카페거리고 애월 번화가임 그래서좋았음 그러나침대가 삐걱삐걱대서 매우아쉬웠음
/pension/1000109860,5,시설도 좋고 방도 청결해서 너무좋았어요
/pension/1000109860,5,정수기있는 게 진짜 편하고 좋았어요 강아지도 너무 귀엽습니다
/pension/1000109860,5,숙소 외관과 실내 모두 예쁘게 꾸며져있어 지내기에 만족스러웠습니다 시설도 신축이라그런지 불편한 점 없이 지냈구요 나중에 가족이나 연인과 함께 와도 좋을 듯합니다 뽀송이도 너무 귀여웠습니다
/pension/1000109860,5,깨끗하고 카페 많은 거리까지 걸어서 한 10분 정도 오히려 너무 가깝지 않아서 조용해서 좋았습니다 편의점은 밥먹고 소화시키기 좋은 거리에 위치해 있습니다 뽀송이 짱👍
/pension/1000109860,5,너무 친절하시고 뽀송이도 너무 귀여워요
/pension/1000109860,5,강아지도 귀엽고 제주의 고즈넉한 분위기가 너무 좋았어요 사장님도 친절하세여 다음에 또 놀러가겠습미다
/pension/1000109860,5,3일정도 묵었는데 너무 만족했습니다 객실도 깨끗하고 숙소가 카페거리와 가까워서 걸어갈 수 있었어요 방에서 바다도 잘 보이고 저희는 일출일몰 다 볼 수 있었어요  사장님도 너무 친절하시고 강아지도 엄청 순하고 귀여워요💕 다음 여행때도 이용할 계획이에여 D
/pension/1000109860,5,사장님너무친절하시구 댕댕이 귀여워요
/pension/1000109860,4,깨끗한 시설 좋았습니다 대신 2층의경우 엘리베이터가 없어 짐이 큰경우 올라가기가 힘듭니다
/pension/1000109860,3,오션뷰라고 하기에는 오션이 정말 코딱지만하게 보입니다 ㅜㅜ 2층 침대가 너무 딱딱해서 허리 나가는줄 알았어요 ㅠㅠ 2층침대대신 그냥 싱글침대 하나더 있는게 좋을것 같아요 청결도는 그럭저럭 카페거리는 가까워요
/pension/1000109860,4,걸어가면 애월카페거리랑도 가깝고 맛집도 근접해 있어서 좋았어요 산책하기도 좋았고 아이들이 강아지 좋아하는데 보송이하고도 좋은 추억 남기고 갑니다
/pension/1000109860,5,깨끗하고 위치좋고 조용하고 넘넘 좋았어요
/pension/1000109860,5,잘쉬다갑니다
/pension/1000109860,5,숙소가 정말 깨끗합니다
/pension/1000109860,4,전반적으로 잘 지낼수 있었어요 침구도 깨끗하고
/pension/1000109860,5,친구들이랑 다 같이 다녀왔는데 숙소가 넘 깨끗하고 사장님도 친절하셔서 즐겁게 놀다왔어요 ㅗㅚㅣ
/pension/1000109860,5,시설깨끗하고 사장님친절하세요
/pension/1000109860,5,애월 카페거리랑 가까워서 너무 좋았습니다 도보로 10분이면 이용 가능하고 밤산책하기 딱 좋아요 ㅎㅎ 뚜벅이 여행자들이라면 최고의 선택지입니다
/pension/1000109860,5,안좋은평이 잇엇지만 깨끗햇어요
/pension/1000109860,5,사장님도 친근하시고 주변 산책로도 너무 좋았습니다
/pension/1000109860,5,사장님 엄청 친절하시고 강아지 너무 귀엽고 애월 카페거리 엄청 가까워요  잘 놀다 갑니당 
/pension/1000109860,5,너무 편하게 즐기다 갑니당
/pension/1000109860,5,신혼여행 중 애월근처로 급하게 잡은 숙소였는데 이런 좋은 곳에 자리가 남아 있었던 사실에 감사했고 친절하신 사장님과 귀염둥이 보송이랑 삼박사일 즐거운 머무름 이였습니다  사장님 말씀대로 나중에 애기도 데리고 재방문할게요 잘쉬었습니다 
/pension/1000109860,4,난방이 잘돼요 따끗하고 편하게 잘쉬다 갑니다 욕조도 있어 좋았어요
